JDMOVE%,DJHIGH,DJLOW,DJTREND,VIXMOVE%,VIXHIGH,VIXLOW,VIXTREND,SUPERTREND,RESULT,LABEL
-0.947055843,-1.121367117,0.07503078,-1,4.920810023,0,5.60732839,1,-1,-0.225772444,0
-0.225772444,-0.70278321,0.451937791,-1,-0.063701428,-3.780936576,1.333637296,-1,1,0.824911639,1
0.824911639,-0.051622907,0.951552145,1,-2.079562522,-2.267748011,0.593424853,-1,-1,1.190363643,1
1.190363643,-0.149936725,1.857030593,1,-4.69633899,-5.003900986,0.559351303,-1,-1,-0.940795986,-1
-0.940795986,-1.566911304,0.856256386,-1,10.53785495,-2.437578027,11.17473415,1,-1,0.187315364,0
0.187315364,-0.26610337,0.828754464,1,-0.824788951,-2.746764781,3.622845556,1,1,-0.639755302,-1
-0.639755302,-0.676054464,1.23664051,1,-5.722306197,-8.13118105,0.443684885,-1,-1,0.651926134,1
0.651926134,-0.197927223,1.965194201,1,-8.190915589,-10.62719423,0.212788595,-1,-1,-1.768947416,-1
-1.768947416,-2.084695491,0.231919792,-1,1.796331834,-0.67225343,4.752347038,1,-1,1.136585653,1
1.136585653,-0.41341572,1.401163028,1,-1.864786927,-2.483443709,1.42393536,-1,-1,0.359522882,0
0.359522882,-0.171153136,1.368879143,1,-6.929343519,-7.358091692,0.355470486,-1,-1,0.824373463,1
0.824373463,-0.339810146,1.238704489,1,-3.166844515,-3.356465576,0.874959659,-1,-1,-0.380584668,0
-0.380584668,-0.644324186,0.60639004,-1,-2.399890291,-2.643548442,2.709528448,1,-1,-0.304545192,0
-0.304545192,-0.783754461,0.548950667,-1,-1.701953843,-2.989787691,1.801388938,-1,1,0.573250314,1
0.573250314,-0.077997789,0.633480679,1,-1.739969274,-1.768046576,0.456587647,-1,-1,-0.353801354,0
-0.353801354,-0.52304546,0.116162933,-1,-1.232861767,-1.839736871,0.895344949,-1,1,-1.202833923,-1
-1.202833923,-1.214336732,0.536193686,-1,2.39946286,-1.699572563,2.475510132,1,-1,0.519859366,1
0.519859366,-0.164448291,0.6482035,1,0.831645165,-1.410848942,1.837826196,1,1,-1.080221987,-1
-1.080221987,-1.36370694,0.095889501,-1,3.679784252,-0.068404132,5.339438295,1,-1,-0.968362655,-1
-0.968362655,-1.038629529,0.689004534,-1,-0.893363112,-2.065353449,1.481380346,-1,1,0.356574131,0
0.356574131,-0.111822389,0.548863045,1,0.06507295,-2.146828321,1.388069542,-1,-1,-1.470155721,-1
-1.470155721,-1.526890073,0.0617339,-1,-0.943488304,-1.299922199,1.904411273,1,-1,0.560026558,1
0.560026558,-0.249477883,1.086900411,1,1.255892145,-2.103384537,3.125524558,1,1,1.744347518,1
1.744347518,-0.012628878,2.109184661,1,-2.553862675,-3.911446441,0.169035463,-1,-1,0.745460118,1
0.745460118,-0.030136787,0.834942365,1,-1.016713092,-3.002593149,0.498462191,-1,-1,1.028460525,1
1.028460525,-0.246892823,1.231121703,1,-1.490212736,-2.446719013,0.295516794,-1,-1,1.240507779,1
1.240507779,-0.309497879,1.260231362,1,0.898730992,-0.287764672,1.736262143,1,1,-0.682896118,-1
-0.682896118,-0.682896118,0.162088954,-1,0.50979825,-1.484867815,0.768477906,-1,1,-0.135308817,0
-0.135308817,-0.741018155,0.215408062,-1,1.858478166,-1.343848357,2.269227949,1,-1,-0.185391538,0
-0.185391538,-0.314340619,0.210404065,-1,-1.317288522,-1.99073583,0.289456545,-1,1,0.391015288,0
0.391015288,-0.114761505,0.897253639,1,0.396825397,-1.115174986,0.988757461,-1,-1,-0.018376786,0
-0.018376786,-0.202578712,0.453995471,1,-1.687232435,-2.49402362,0.260483546,-1,-1,0.006504851,0
0.006504851,-0.291258875,0.291806358,1,-0.865800866,-1.192043294,0.61436497,-1,-1,1.334078405,1
1.334078405,-0.158319282,1.656495325,1,0.846437439,-0.57119543,1.823223307,1,1,0.19345585,0
0.19345585,-0.195723008,0.393750438,1,-2.506869424,-3.670782505,0.170166686,-1,-1,0.998797486,1
0.998797486,-0.123132118,1.010231757,1,1.997884593,-2.839764162,3.088252762,1,1,-0.24411782,0
-0.24411782,-0.839846791,0.047621067,-1,1.449441202,-0.486399521,2.84996133,1,-1,0.300733424,0
0.300733424,-0.201472465,0.317657123,1,-0.208396484,-0.622594521,0.834641449,1,1,-0.720987336,-1
-0.720987336,-0.97834913,0.086710095,-1,2.379508942,-0.541097655,2.476580574,1,-1,-0.027496736,0
-0.027496736,-0.563547683,0.168727786,-1,0.9991705,-0.8916679,1.592900216,1,-1,0.121462931,0
0.121462931,-0.406726523,0.420326536,1,-1.091604772,-1.534842035,0.725828017,-1,-1,0.296019001,0
0.296019001,-0.013124014,0.560025071,1,-0.573877114,-1.103584748,0.541627979,-1,-1,-0.361106866,0
-0.361106866,-0.674577099,0.360716893,-1,0.024448881,-2.011895733,0.450137087,-1,1,0.412761496,0
0.412761496,-0.007459717,0.662732327,1,-3.90704489,-3.93441289,0.101750965,-1,-1,0.689231337,1
0.689231337,-0.018530685,0.886879194,1,-0.84505852,-1.647108131,0.299183656,-1,-1,-0.366102604,0
-0.366102604,-0.421450731,0.596741274,1,-1.75094843,-4.556131541,0.383353921,-1,-1,-0.464719419,0
-0.464719419,-0.468420499,0.18208181,-1,0.285974801,-1.022620362,1.340201868,1,-1,-0.017920833,0
-0.017920833,-0.10817769,0.465568752,1,-2.285070604,-2.445979597,0.376064138,-1,-1,0.325689466,0
0.325689466,-0.452133682,0.64483703,1,-1.605216955,-1.794058745,0.298278507,-1,-1,0.851563919,1
0.851563919,-0.04797741,0.872218024,1,-0.21114319,-1.777155703,0.695712671,-1,-1,0.831491869,1
0.831491869,-0.095111905,0.861280316,1,-1.233656227,-1.834901995,0.039598733,-1,-1,0.14719899,0
0.14719899,-0.187580493,0.30513108,1,-0.087997184,-0.873057447,0.669415259,-1,-1,-0.048636051,0
-0.048636051,-0.249625288,0.164909646,-1,0.712452429,-0.563614121,2.209547761,1,-1,-0.299334332,0
-0.299334332,-0.499962202,0.101040982,-1,3.511423238,0,3.885444083,1,-1,0.149797742,0
0.149797742,-0.20904243,0.528305559,1,-0.994854202,-2.574056882,1.763046544,-1,-1,-0.643587705,-1
-0.643587705,-0.750777931,0.022116434,-1,2.955708488,-0.299043062,3.41191067,1,-1,0.264390572,0
0.264390572,-0.113879861,0.372835845,1,-1.826131687,-2.370193537,0.814368094,-1,-1,0.569116808,1
0.569116808,-0.118744585,0.622788526,1,-1.792704626,-3.437869046,0.090674162,-1,-1,-0.211663481,0
-0.211663481,-0.388577181,0.229883628,-1,-3.627731996,-3.71397888,0.612521625,-1,1,-0.545899053,-1
-0.545899053,-0.924275831,0.179226907,-1,2.207474999,-1.771636106,2.254599106,1,-1,0.225767559,0
0.225767559,-0.15985201,0.273855268,1,-0.685151975,-0.835629017,0.751037925,-1,-1,0.182929276,0
0.182929276,-0.212635927,0.31574098,1,0.655949741,-0.855400855,1.03398711,1,1,-0.184699196,0
-0.184699196,-0.320126496,0.441551349,1,0.283057016,-0.548055073,1.838755304,1,1,-1.358158591,-1
-1.358158591,-1.542580237,0.518348487,-1,5.750325448,-3.125257011,7.560953338,1,-1,-0.801983492,-1
-0.801983492,-2.240810195,0.080987917,-1,7.7017529,-2.573825118,12.9128196,1,-1,-0.326715353,0
-0.326715353,-0.790140857,0.895381981,1,0.920969773,-3.789584271,1.560519645,-1,-1,-3.246958487,-1
-3.246958487,-3.471540607,0.246932211,-1,6.128891792,-1.185890939,7.26152492,1,-1,2.074054329,1
2.074054329,-0.284123404,3.584485128,1,-2.251867663,-7.291315203,0.094714218,-1,-1,0.0874351,0
0.0874351,-0.377274503,2.138388588,1,-6.443298969,-8.257124805,0.473450361,-1,-1,1.758811503,1
1.758811503,-0.007576857,2.042065308,1,-3.554994805,-5.139061245,0.549365522,-1,-1,-0.098087782,0
-0.098087782,-0.528075643,0.691659127,1,1.78361798,-2.073086312,2.79180052,1,1,-1.611133074,-1
-1.611133074,-1.85030898,0.236253997,-1,5.521427527,-0.379729357,5.947573243,1,-1,1.701747413,1
1.701747413,-0.331123698,2.222388684,1,-8.967678213,-8.989376192,0.116117916,-1,-1,-3.209547309,-1
-3.209547309,-3.372908464,0.102158415,-1,6.317260657,-0.141117784,8.485453508,1,-1,0.657896885,1
0.657896885,-0.507154811,1.383529304,1,-0.535690371,-4.07800846,1.226659398,-1,-1,1.260893177,1
1.260893177,-0.053992205,1.314335337,1,-3.364556788,-3.573760352,0.443855818,-1,-1,0.636486986,1
0.636486986,-0.443655571,0.636486986,1,-3.138176798,-3.780858477,0.35179959,-1,-1,-0.686562435,-1
-0.686562435,-0.997420781,0.038574924,-1,1.655958391,-0.694885493,2.317256245,1,-1,1.35676804,1
1.35676804,-0.129428169,1.358729824,1,-0.905243358,-1.675869041,0.233867132,-1,-1,-0.064009979,0
-0.064009979,-0.568601935,0.51539747,-1,2.347044315,-2.663438257,2.71888849,1,-1,-2.026391656,-1
-2.026391656,-2.530121076,0.711592528,-1,8.84479253,-1.770422727,13.62367831,1,-1,2.149973017,1
2.149973017,-0.145830536,2.669280956,1,2.216730867,-2.832665469,2.328288708,-1,-1,-0.695253957,-1
-0.695253957,-1.226956193,0.120524838,-1,3.919933278,-2.450813534,4.06710727,1,-1,1.099141603,1
1.099141603,-0.019194992,1.63284136,1,-4.334460498,-5.817472594,0.075034838,-1,-1,1.477982143,1
1.477982143,-0.104140355,1.742171594,1,-1.170064022,-2.070876477,1.061027918,-1,-1,0.067168928,0
0.067168928,-0.68509106,0.289052263,-1,2.357004593,-2.388880846,2.47368621,1,-1,-0.236072554,0
-0.236072554,-0.683751186,0.552507715,-1,1.149425287,-0.668120121,2.693859745,1,-1,1.055836112,1
1.055836112,-0.005688289,1.131418301,1,-2.329444773,-4.064834288,0.113520263,-1,-1,1.241879327,1
1.241879327,-0.53772747,1.307205916,1,-1.433164194,-1.551377283,1.192985247,-1,-1,0.431663265,0
0.431663265,-0.217786501,0.43730846,1,-1.750338134,-2.410305042,0.410619181,-1,-1,0.023108487,0
0.023108487,-0.247187361,0.276513462,1,0.952302428,-2.508161478,1.119048602,-1,-1,0.170240465,0
0.170240465,-0.040889655,0.65881782,1,-1.652026755,-3.019707565,0.332963374,-1,-1,0.91921642,1
0.91921642,-0.011052708,1.122269638,1,-1.644251271,-1.881621467,0.544913443,-1,-1,0.160978579,0
0.160978579,-0.449603264,0.315443808,-1,-0.641243418,-2.096409741,0.992791471,-1,1,0.076148698,0
0.076148698,-0.360385833,0.11665944,-1,-0.388802488,-1.115018441,1.056230004,-1,1,0.224665288,0
0.224665288,-0.312917953,0.302630269,-1,-0.123788791,-1.098993998,1.699482766,1,-1,-0.013274825,0
-0.013274825,-0.072251485,0.480762798,1,-0.813181199,-1.775023189,0.042942414,-1,-1,0.116196251,0
0.116196251,-0.126949456,0.903394142,1,-2.885237418,-4.939209726,0.093345779,-1,-1,-0.286419353,0
-0.286419353,-0.669294443,0.350492796,-1,-0.453973391,-0.721714183,1.605725559,1,-1,-0.638086473,-1
-0.638086473,-1.031683418,0.022303034,-1,6.303921121,-0.767001875,6.693544692,1,-1,-0.097378666,0
-0.097378666,-0.291203368,0.605906148,1,-1.029689377,-1.578632989,1.634577257,1,1,-0.648599369,-1
-0.648599369,-0.98563508,0.556103337,-1,7.297549695,-0.822097994,7.488751281,1,-1,0.426981843,0
0.426981843,-0.181306095,0.918742918,1,-2.354450283,-5.44915458,0.90221063,-1,-1,-0.267941828,0
-0.267941828,-0.552094821,0.402937429,-1,1.013656799,-1.813909387,1.232626344,-1,1,-0.350362655,0
-0.350362655,-0.70673789,0.400544006,-1,4.082935967,-2.632627051,4.577148479,1,-1,0.152892011,0
0.152892011,-0.039635726,0.589275213,1,-1.864560939,-1.905116125,1.107466882,-1,-1,-1.558592515,-1
-1.558592515,-1.88806309,0.030134493,-1,6.770743488,-0.121026303,7.423959734,1,-1,-2.136298701,-1
-2.136298701,-2.349279214,0.219503722,-1,3.811280763,-1.121579183,3.852043821,1,-1,0.69778686,1
0.69778686,-0.013346212,1.868678485,1,-3.417115954,-6.091258122,0.0432611,-1,-1,1.320821065,1
1.320821065,-0.125987799,1.747438007,1,-4.488451464,-4.63982883,0.083170458,-1,-1,0.326565002,0
0.326565002,-0.652756941,0.343671648,-1,-0.245730434,-1.260742663,2.525571411,1,-1,-1.061225733,-1
-1.061225733,-1.546798533,0.166439206,-1,4.127311691,-0.076167263,5.301601316,1,-1,0.661561869,1
0.661561869,-0.321121767,0.881199966,1,-0.671958504,-2.095437292,2.100416044,1,1,0.645623222,1
0.645623222,-0.272512307,1.956732915,1,-3.240210219,-3.54892075,0.57501951,-1,-1,0.791990849,1
0.791990849,-0.736664067,1.031235859,1,-2.788693117,-3.323808723,1.724366627,-1,-1,-0.0514848,0
-0.0514848,-0.526476416,0.429570609,-1,-3.465003465,-3.465003465,0.229347484,-1,1,0.928107322,1
0.928107322,-0.289415112,0.937524376,1,-0.646255385,-0.691772036,1.498337782,1,1,-0.224860645,0
-0.224860645,-0.297501699,0.167448419,-1,-1.109159811,-2.149259192,0.14508354,-1,1,0.290045202,0
0.290045202,-0.314847387,0.467052389,1,0.853161437,-0.653655804,1.531707783,1,1,-0.892666954,-1
-0.892666954,-1.0010691,0.099014825,-1,-0.659556553,-2.349641346,0.998715937,-1,1,0.243578435,0
0.243578435,-0.152187598,0.334662383,1,-1.477738583,-1.898614012,0.053250714,-1,-1,-0.138974428,0
-0.138974428,-0.530079792,0.07841704,-1,2.289555729,-0.095156532,2.845667826,1,-1,0.207925135,0
0.207925135,-0.200122683,0.805855937,1,-1.803294207,-1.988851096,0.096492498,-1,-1,-0.118391108,0
-0.118391108,-0.32322579,0.43612265,1,-0.53535796,-2.39277868,0.097957584,-1,-1,0.509808898,1
0.509808898,-0.247985864,0.712255264,1,-3.845779852,-3.89250656,0,-1,-1,0.400882252,0
0.400882252,-0.255817746,0.466018388,1,1.473801901,-0.354326779,1.628747391,1,1,-0.0195583,0
-0.0195583,-0.244848336,0.281673771,1,-1.041305102,-1.529580106,0.655671559,-1,-1,0.318032425,0
0.318032425,-0.04778767,0.726069257,1,-2.406376899,-4.418912947,0.205899007,-1,-1,-0.654712749,-1
-0.654712749,-0.658356879,0.53322594,-1,0.554763844,-2.086430766,1.126068485,-1,1,0.996892508,1
0.996892508,-0.069492116,1.103403608,1,-1.514518488,-2.077058885,0.11148272,-1,-1,0.32057645,0
0.32057645,-0.250784437,0.375609365,1,1.67321246,-0.78748425,1.947456438,1,1,0.084482571,0
0.084482571,-0.264889416,0.201239724,-1,1.687140824,-0.160472099,1.794479337,1,-1,0.038931175,0
0.038931175,-0.132199853,0.328375232,1,-0.259767249,-2.041024594,0.214020984,-1,-1,0.815763075,1
0.815763075,-0.241226988,1.034496464,1,1.013961884,-0.782146209,1.228919508,1,1,-0.170696684,0
-0.170696684,-0.287645621,0.322771688,1,-2.459831475,-3.274859871,0.107428694,-1,-1,0.096485916,0
0.096485916,-0.045105722,0.712619214,1,-2.46362347,-2.622194252,0.929499375,-1,-1,0.018777889,0
0.018777889,-0.244862655,0.242443923,-1,-0.385492453,-0.923425856,0.8243117,-1,1,0.372583756,0
0.372583756,-0.017981297,0.872974122,1,-0.436940339,-0.864754539,0.98484434,1,1,-0.062223808,0
-0.062223808,-0.130468989,0.410133531,1,-1.681262839,-2.628761109,0,-1,-1,0.731577179,1
0.731577179,-0.075004455,0.769344637,1,-2.851232739,-3.289180766,0,-1,-1,0.200829275,0
0.200829275,-0.168405498,0.302987279,1,-0.120634191,-1.030282332,0.753317494,-1,-1,-0.416500122,0
-0.416500122,-0.827083452,0.120106828,-1,1.738324255,-0.509972801,1.980600569,1,-1,-0.264465443,0
-0.264465443,-0.268043003,0.567316021,1,0.732205699,-3.433453042,2.129251309,-1,-1,0.166639193,0
0.166639193,-0.342361559,0.349432158,1,0.850918993,-1.97937917,1.143539853,-1,-1,0.422015831,0
0.422015831,-0.023297941,0.519743214,1,-1.365168218,-2.424139685,0.06374225,-1,-1,0.397860854,0
0.397860854,-0.02137767,0.484145835,1,-2.074934788,-2.074934788,0.37066294,-1,-1,0.378589799,0
0.378589799,-0.045441201,0.483904311,1,-0.725742514,-1.273653566,0.50009261,-1,-1,0.11265671,0
0.11265671,-0.070589729,0.333008413,1,0.371816323,-0.06786772,0.62123377,1,1,-0.175319811,0
-0.175319811,-0.200163767,0.082008277,-1,0.618607215,-0.749154181,0.927689378,1,-1,-1.084656547,-1
-1.084656547,-1.435761125,0.039593065,-1,5.83338397,-1.140878647,5.83338397,1,-1,-1.039354803,-1
-1.039354803,-1.273854752,0.644173654,-1,-1.499170102,-3.316165651,0.491615229,-1,1,0.602918826,1
0.602918826,-0.288506455,0.916872981,1,-1.515321585,-2.337488869,1.217050239,-1,-1,0.138209272,0
0.138209272,-0.338109475,0.437268479,1,0.173631207,-3.134094471,0.237447154,-1,-1,1.200171145,1
1.200171145,-0.083823283,1.234912795,1,0.474531475,-1.420320603,0.904868191,-1,-1,-0.518281275,-1
-0.518281275,-0.520055487,0.044843147,-1,4.634697763,-0.062507103,5.267253247,1,-1,0.106514954,0
0.106514954,-0.130600132,0.718429968,1,0.279552716,-2.121617107,1.854319986,-1,-1,0.025795036,0
0.025795036,-0.194493621,0.435331666,1,-1.090825583,-1.767590375,0.707312796,-1,-1,0.743942228,1
0.743942228,-0.334855004,1.000432023,1,-5.242311277,-5.84558398,0.562527045,-1,-1,-0.137624067,0
-0.137624067,-0.463132055,0.456707859,-1,-4.902680867,-6.052727053,0.193461018,-1,1,0.236668397,0
0.236668397,-0.315826396,0.37200915,1,0.923097357,-0.006579813,2.150971298,1,1,0.142421012,0
0.142421012,-0.218870807,0.364306887,1,0.266169816,-1.309929264,0.674817933,-1,-1,0.052045443,0
0.052045443,-0.195997623,0.104496125,-1,2.208350114,-0.006566851,2.483510567,1,-1,0.421118079,0
0.421118079,-0.014688959,0.534936036,1,-2.037317861,-2.493765586,0.006730834,-1,-1,0.282472792,0
0.282472792,-0.161297845,0.395621088,1,1.54750642,-0.006654245,1.829640171,1,1,0.27287954,0
0.27287954,-0.097970026,0.294013001,1,0.533440021,-0.271199894,0.734950224,1,1,-0.18659568,0
-0.18659568,-0.270732845,0.035082155,-1,-0.665468823,-1.132600344,0.201382829,-1,1,0.379336736,0
0.379336736,-0.013968592,0.418062693,1,0.540248514,-0.33471683,0.614989525,1,1,0.022786869,0
0.022786869,-0.391168277,0.042016998,-1,2.559267241,-0.97541943,2.566174985,1,-1,-0.659063511,-1
-0.659063511,-0.7234778,0.138866606,-1,2.795152463,-1.072234763,2.868879181,1,-1,0.375674876,0
0.375674876,-0.009765321,0.709464878,1,-5.217227524,-5.925972084,0.332292151,-1,-1,1.061823018,1
1.061823018,-0.038182037,1.119188831,1,-1.217935633,-2.681324574,0.144857557,-1,-1,-0.888727976,-1
-0.888727976,-0.986470949,0.610183094,-1,-2.742696773,-3.051881994,2.01378203,-1,1,0.662414381,1
0.662414381,-0.195176278,1.036154605,1,-4.193671369,-4.497086395,0.006632619,-1,-1,-0.362019396,0
-0.362019396,-0.722531397,0.027843456,-1,-0.996173638,-2.221787855,1.077658786,-1,1,0.975592655,1
0.975592655,-0.2180118,2.428119788,1,-1.148576034,-1.808113157,2.722133036,1,1,0.545742945,1
0.545742945,-0.078420684,0.65781105,1,-1.039269024,-2.205679625,0.148231806,-1,-1,-0.519819073,-1
-0.519819073,-0.839022785,0.088550113,-1,-0.141472731,-1.127608909,1.146378161,1,-1,0.30438506,0
0.30438506,-0.115480703,0.326421617,1,-1.425807838,-2.411689601,0.152871806,-1,-1,0.216920415,0
0.216920415,-0.277153906,0.692042244,1,-0.870953694,-1.656105991,1.117938847,-1,-1,0.325322518,0
0.325322518,-0.219366001,0.655557172,1,-0.219828534,-0.591327201,0.814392537,1,1,0.731806981,1
0.731806981,-0.074962544,0.745494644,1,-0.827863962,-1.122843546,0.301727389,-1,-1,0.080200183,0
0.080200183,-0.299990817,0.1055263,-1,0.225937641,-1.771479185,0.460481618,-1,1,-0.396355682,0
-0.396355682,-0.410819287,0.235286852,-1,-0.518979834,-0.666271839,2.061306762,1,-1,-0.120067988,0
-0.120067988,-0.558177574,0.041138579,-1,2.280821399,-0.221762271,2.436062837,1,-1,0.079814046,0
0.079814046,-0.090742516,0.706109835,1,-1.895320017,-3.582175097,0.081802633,-1,-1,-0.658438753,-1
-0.658438753,-1.046835606,0.473363425,-1,7.147160717,-2.004408321,7.723177103,1,-1,-0.743950573,-1
-0.743950573,-0.87682411,0.251384159,-1,1.544127148,0,4.037863242,1,-1,0.807294653,1
0.807294653,-0.268043312,0.818714271,1,-3.333768267,-4.02254178,0.406586705,-1,-1,-0.110436472,0
-0.110436472,-0.616953467,0.16613078,-1,1.917789387,-1.658154805,2.843864882,1,-1,0.310305991,0
0.310305991,-0.164454844,1.294448951,1,-5.318458944,-7.243614182,0.006850723,-1,-1,-2.012121212,-1
-2.012121212,-2.206860797,0.474103966,-1,8.685195083,-2.569323831,9.129938955,1,-1,0.683647442,1
0.683647442,-0.735967477,0.804206817,1,-0.823462342,-2.192653673,2.823931175,1,1,1.539653956,1
1.539653956,-0.194679139,1.791460833,1,-0.529952371,-1.199360341,1.512973232,1,1,1.558675904,1
1.558675904,-0.032548618,1.917479443,1,-0.287155064,-3.26810708,0.140676655,-1,-1,0.258167516,0
0.258167516,-0.468431979,0.495055599,1,0.220373925,-1.879175947,0.721583196,-1,-1,-1.053619944,-1
-1.053619944,-1.087224055,0.137736638,-1,-0.907956751,-2.462818938,1.131781849,-1,1,0.77857645,1
0.77857645,-0.02222336,1.365371636,1,-2.552076148,-2.552076148,0.648286671,-1,-1,0.021147716,0
0.021147716,-0.548137857,0.229583391,-1,1.794206658,-0.289384529,2.39182431,1,-1,0.903395514,1
0.903395514,-0.023635234,1.070611842,1,-3.175061336,-3.661688685,0.298998356,-1,-1,-0.290634206,0
-0.290634206,-0.348012301,0.657909575,1,-1.163462928,-2.013182404,1.108893324,-1,-1,-0.160430385,0
-0.160430385,-0.412355356,0.445792025,1,-0.295050527,-2.107473928,0.371277939,-1,-1,-0.454021317,0
-0.454021317,-0.530238788,0.403421232,-1,0.152983172,-1.926095021,1.334119555,-1,1,0.330903471,0
0.330903471,-0.222785154,0.340852747,1,0.303771208,-0.805978898,0.901840948,1,1,-0.661476282,-1
-0.661476282,-0.875707894,0.821093502,-1,3.086419753,-3.108164111,3.934207602,1,-1,-0.564121464,-1
-0.564121464,-0.633853288,0.402236184,-1,3.050425399,-2.551020408,3.912952501,1,-1,-2.643751509,-1
-2.643751509,-2.721668352,0.268441801,-1,2.855977152,-0.513022889,7.952529516,1,-1,-2.873344826,-1
-2.873344826,-3.904131412,0.554818161,-1,13.44720315,-2.570823672,14.18443906,1,-1,-0.966339037,-1
-0.966339037,-2.221978531,0.811282328,-1,1.122514432,-3.617281435,4.710245198,1,-1,-4.712957073,-1
-4.712957073,-5.25330798,0.101896935,-1,6.65759549,-0.091041515,9.20489601,1,-1,0.129072617,0
0.129072617,-0.888852678,3.485014022,1,-5.681678734,-7.72370738,1.635297748,-1,-1,5.330109356,1
5.330109356,-0.979599778,6.435675422,1,-1.521066092,-6.992117976,0.187154791,-1,-1,-2.583820085,-1
-2.583820085,-4.369194699,0.73350594,-1,11.30438732,-2.272999163,16.27366323,1,-1,4.511997608,1
4.511997608,-0.422639699,4.879557274,1,-1.064694061,-4.695609194,1.76364516,-1,-1,-3.155036746,-1
-3.155036746,-3.338837183,0.582207121,-1,6.042055889,-3.616590794,8.32419702,1,-1,-1.365117435,-1
-1.365117435,-1.844947466,2.387778079,1,-6.380895221,-9.275415557,1.368129425,-1,-1,-5.091508019,-1
-5.091508019,-5.190285646,1.522998551,-1,-8.472435485,-10.07372801,5.057137984,-1,1,4.629640145,1
4.629640145,-0.724617726,6.020938726,1,3.370070134,-8.372355886,3.969829297,-1,-1,-5.237022619,-1
-5.237022619,-5.284386551,1.164035185,-1,4.163491891,-2.916708938,5.341662768,1,-1,-10.35641125,-1
-10.35641125,-11.52275098,0.62872404,-1,4.994672349,-2.974481004,13.97657718,1,-1,10.42480436,1
10.42480436,-0.505178435,13.00035434,1,2.611771969,-12.53035946,2.878023234,-1,-1,-10.27988953,-1
-10.27988953,-10.3673935,1.722615875,-1,9.286835286,-3.295762821,16.31479791,1,-1,2.758258331,1
2.758258331,-1.924737591,5.452307649,1,1.882287328,-6.630143113,7.860213665,1,1,-4.337928382,-1
-4.337928382,-4.661974652,5.797173535,1,4.742594936,-12.72736511,11.21938586,-1,-1,-0.067493926,0
-0.067493926,-2.573420997,5.40573321,1,-14.89402592,-19.30180796,10.93456439,-1,-1,-2.851558935,-1
-2.851558935,-8.811387745,0.358645756,-1,1.756161749,-4.345206001,14.87611176,1,-1,1.418772345,1
1.418772345,-6.431094945,2.610621393,-1,-10.22919307,-13.6054076,3.55351595,-1,1,10.50011472,1
10.50011472,-0.192438094,10.60279957,1,10.7981333,-2.977911899,17.21649746,1,1,1.693719837,1
1.693719837,-3.955074445,3.670050766,-1,5.570972521,-3.895684546,6.169083241,1,-1,5.980843659,1
5.980843659,-0.363063716,8.940732701,1,-5.634923874,-6.755802932,1.403601114,-1,-1,-4.495328467,-1
-4.495328467,-4.653426447,0.671264501,-1,0.179079531,-0.692335003,4.048524428,1,-1,6.426774197,1
6.426774197,-0.243173076,6.426774197,1,-3.265761281,-6.361077914,0,-1,-1,-2.21597193,-1
-2.21597193,-3.105347727,0.043675407,-1,-5.764436634,-6.338600268,1.563635563,-1,1,-4.374947307,-1
-4.374947307,-4.396937389,0.407501491,-1,1.517665628,-1.414871875,6.611131181,1,-1,2.06444758,1
2.06444758,-0.439232046,3.75164398,1,-4.071463296,-5.992814181,0.341123376,-1,-1,-1.593127181,-1
-1.593127181,-1.874980789,0.977684823,-1,-3.423622784,-5.121451566,0.868946819,-1,1,7.009183239,1
7.009183239,-0.752989307,7.009183239,1,-0.02606141,-2.022383208,1.637883277,-1,-1,0.131215011,0
0.131215011,-4.098444037,0.927594544,-1,6.03646317,-0.595674487,6.429219712,1,-1,3.521527014,1
3.521527014,-0.601909471,4.493381709,1,-1.18573392,-2.97360355,1.216951417,-1,-1,1.414736623,1
1.414736623,-1.134148576,2.565022143,1,-1.682145565,-3.240999813,0.316677545,-1,-1,-2.009637327,-1
-2.009637327,-2.047444874,1.488060177,-1,-1.623203832,-4.127964543,0.147757776,-1,1,2.366905042,1
2.366905042,-0.147524779,2.710745669,1,-2.477354008,-3.260222182,0.975754791,-1,-1,-2.275300659,-1
-2.275300659,-2.281513059,1.242005547,-1,1.530676153,-2.172443758,3.106316941,1,-1,0.31827448,0
0.31827448,-1.058894016,1.39936676,1,-0.098214943,-2.959835909,0.89270216,-1,-1,0.088201457,0
0.088201457,-0.693879338,1.916763345,1,-0.130608482,-3.515760305,0.489602391,-1,-1,-2.239873204,-1
-2.239873204,-2.914144737,0.197243346,-1,4.523676338,-0.025588536,7.129147244,1,-1,-2.298041696,-1
-2.298041696,-3.168299526,0.464075354,-1,0.912098916,-3.63772424,1.422101647,-1,1,1.636844061,1
1.636844061,-0.626734549,2.345584805,1,-1.251480546,-2.988056556,1.121358446,-1,-1,-0.115165273,0
-0.115165273,-1.80670807,0.460660912,-1,1.145598971,-1.807524293,3.185235497,1,-1,1.475444414,1
1.475444414,-0.248473274,2.151445795,1,-3.564237276,-4.865518973,0.506548954,-1,-1,1.045869006,1
1.045869006,-0.437895064,1.94533539,1,-4.802336807,-4.945869791,1.448243115,-1,-1,0.139100569,0
0.139100569,-1.600247377,0.679581621,-1,5.113437576,-1.266494767,5.682279406,1,-1,2.175571571,1
2.175571571,-0.373599959,2.441689146,1,-0.490940653,-0.840585978,2.343292326,1,1,-1.831360275,-1
-1.831360275,-2.26712128,0.622404151,-1,1.363709289,-3.340302922,1.366419766,-1,1,-1.684081268,-1
-1.684081268,-1.889019485,0.372156171,-1,0.441711204,-2.13990204,2.136635482,-1,1,0.866659852,1
0.866659852,-0.364787547,1.548006068,1,-5.206272958,-6.350757206,0.224064531,-1,-1,0.710931468,1
0.710931468,-1.242035581,0.778113192,-1,-0.384149328,-0.767907132,2.878291663,1,-1,-0.985026144,-1
-0.985026144,-1.999809171,0.052942009,-1,3.317797614,-0.053492282,4.082444692,1,-1,1.385614693,1
1.385614693,-0.630862455,1.782230579,1,-0.737568404,-1.365976673,0.997928827,-1,-1,1.717610136,1
1.717610136,-0.047243552,1.817085036,1,-3.927708196,-4.738820197,0.060073805,-1,-1,-0.298179716,0
-0.298179716,-1.386388651,0.645347629,-1,-8.980115459,-9.283709036,0.430808998,-1,1,-2.216740627,-1
-2.216740627,-2.927869727,0.071716294,-1,13.63938368,0,14.35939888,1,-1,-1.32200269,-1
-1.32200269,-2.576572197,0.793532427,-1,9.036310541,-3.792114347,11.21476944,1,-1,1.237463455,1
1.237463455,-0.237753418,3.658994188,1,-9.444190137,-12.27828603,0.053238214,-1,-1,0.002203229,0
0.002203229,-0.655610742,1.190374622,1,-6.712109266,-8.162652111,0.193951976,-1,-1,3.885563559,1
3.885563559,-0.543135813,4.066318565,1,0.201825202,-1.893006472,1.36106755,-1,-1,-1.372156269,-1
-1.372156269,-2.44439102,0.128085533,-1,4.615429302,-0.196741299,7.011914312,1,-1,1.599572103,1
1.599572103,-0.284383646,1.799487352,1,-1.310298538,-3.591994983,0.359082411,-1,-1,-0.691093035,-1
-0.691093035,-1.124956914,0.341338264,-1,2.517996267,-2.15166252,3.74422927,1,-1,0.210939979,0
0.210939979,-0.321345972,1.335980402,1,-1.74845219,-3.246020097,0.236862883,-1,-1,1.190211795,1
1.190211795,-0.460809541,1.556009451,1,3.488692352,-0.824095255,3.707679097,1,1,2.130370076,1
2.130370076,-0.028167132,2.506625477,1,0.272669434,-6.341615258,0.669160812,-1,-1,-0.403226436,0
-0.403226436,-1.325221428,0.559118157,-1,2.867994497,-1.123950788,3.830596474,1,-1,0.114668185,0
0.114668185,-0.023834921,1.915935881,1,-4.01757327,-5.760826381,0.033135524,-1,-1,0.868568824,1
0.868568824,-0.198871911,1.48097785,1,-1.706032885,-2.255177255,0.602101334,-1,-1,0.934063563,1
0.934063563,-0.079345291,1.60532832,1,-2.04598186,-3.385145778,0.157130973,-1,-1,2.00973439,1
2.00973439,-0.36823316,2.11524236,1,-2.359557622,-2.969276883,0.449285668,-1,-1,-0.01252127,0
-0.01252127,-0.427292443,0.761000216,1,-1.313765701,-2.439178915,2.910415344,1,1,2.997010975,1
2.997010975,-0.93790473,3.263729074,1,0.722233741,-1.457164108,1.145157372,-1,-1,1.676937549,1
1.676937549,-0.135145082,1.835897057,1,2.478770585,-0.963519171,2.974401492,1,1,-1.125446459,-1
-1.125446459,-1.299026535,0.502118508,-1,2.091558717,-0.663555259,2.762176898,1,-1,-1.153261028,-1
-1.153261028,-1.946255727,0.185708647,-1,-1.20290729,-2.991772625,4.11746998,1,-1,-6.522465859,-1
-6.522465859,-6.69725124,0.46687828,-1,20.38983984,-1.702650933,25.47770701,1,-1,1.326696085,1
1.326696085,-1.582814954,1.898721051,1,0.834028357,-14.02284546,3.424492742,-1,-1,2.504259559,1
2.504259559,-0.253005087,5.168376904,1,-10.61158747,-13.44098353,0.992854658,-1,-1,1.804958938,1
1.804958938,-1.756005738,2.051733916,1,4.676952748,-5.359386619,5.517911771,1,1,-0.396945693,0
-0.396945693,-1.799605453,0.355086847,-1,0.902181639,-2.91966963,1.403961865,-1,1,-0.34813377,0
-0.34813377,-0.917057319,1.124298454,1,-3.065880407,-4.215993883,0.140584944,-1,-1,-1.43631708,-1
-1.43631708,-2.969252577,0.079009457,-1,4.355937473,-3.145578089,5.008959809,1,-1,2.397151573,1
2.397151573,-0.006015257,2.936515449,1,-5.545829181,-6.82573,0.288843767,-1,-1,0.255035034,0
0.255035034,-1.045811003,1.961842617,1,2.717472452,-0.896047021,2.963450774,1,1,-2.107294821,-1
-2.107294821,-2.717014914,0.971749402,-1,2.916678352,-4.255374661,5.794678121,1,-1,0.837109749,1
0.837109749,-0.257820803,2.33817014,1,-5.600192833,-7.529448802,0.02837926,-1,-1,-2.251785774,-1
-2.251785774,-2.682093992,0.476616324,-1,5.76303746,-1.213784369,6.005606365,1,-1,2.841185226,1
2.841185226,-0.047078923,3.018879757,1,-3.361640937,-6.482526846,0.030892802,-1,-1,0.601505873,1
0.601505873,-0.520870328,1.328089028,1,-5.783078933,-6.09898027,0.863172307,-1,-1,-0.297840973,0
-0.297840973,-1.245217169,0.735681205,-1,-1.22756468,-2.943345032,0.771656919,-1,1,0.744489319,1
0.744489319,-1.258307961,0.939974258,-1,2.316136811,-0.982559568,3.965439422,1,-1,1.892787132,1
1.892787132,-0.061823062,1.91442384,1,3.293010753,-1.136363636,3.495046013,1,1,-1.463129331,-1
-1.463129331,-1.915531903,0.110414235,-1,2.547790276,-0.331561025,5.401648924,1,-1,0.774389424,1
0.774389424,-0.047915834,1.207983153,1,-0.97176105,-4.241781548,0.126282071,-1,-1,-1.67983649,-1
-1.67983649,-1.738233175,0.683785134,-1,1.600761975,-4.145167836,2.292201565,-1,1,1.497410721,1
1.497410721,-0.042014988,2.693491009,1,-3.187167063,-5.29910504,0.127618514,-1,-1,-0.431825662,0
-0.431825662,-2.005126452,0.288904877,-1,10.91269217,-0.282661541,11.19235982,1,-1,1.77982634,1
1.77982634,-0.305322747,2.368278503,1,-5.872840242,-7.810936979,0.181175831,-1,-1,0.268473794,0
0.268473794,-1.051733731,0.766552873,-1,0.279702893,-4.161221338,0.435770536,-1,1,-0.859458315,-1
-0.859458315,-1.078016414,0.360275371,-1,-3.732135813,-3.99721617,0.411431465,-1,1,-0.221859951,0
-0.221859951,-0.789161457,0.020662088,-1,-2.575038992,-3.499590138,0.166901201,-1,1,0.343332508,0
0.343332508,-0.046551247,1.182707778,1,-3.472566723,-3.920600435,1.601281025,-1,-1,0.40191074,0
0.40191074,-0.675171179,0.541306604,-1,3.51758794,-1.273543803,4.657689985,1,-1,0.63262996,1
0.63262996,-0.1342689,1.359772946,1,-1.753912574,-3.18742314,0.003433241,-1,-1,-1.241847606,-1
-1.241847606,-1.91723884,0.323922802,-1,4.046662974,-1.992304682,4.739171342,1,-1,-0.851860272,-1
-0.851860272,-1.081938694,0.116334571,-1,-2.709939672,-4.105189519,0.063043334,-1,1,0.595867477,1
0.595867477,-0.138837721,0.968400908,1,-1.611387136,-2.882894824,0.140089521,-1,-1,-0.873047107,-1
-0.873047107,-1.138561355,0.142034515,-1,-0.719694386,-1.592399757,3.117582457,1,-1,0.539675422,1
0.539675422,-0.214026357,0.975512718,1,-0.557724484,-1.891464337,0.42595135,-1,-1,-0.941221544,-1
-0.941221544,-0.94670156,1.294900792,1,-2.214553739,-6.655366509,0.655240197,-1,-1,-0.393982768,0
-0.393982768,-0.442745315,1.637599745,1,0.390748759,-4.676271016,0.496881277,-1,-1,0.671970405,1
0.671970405,-0.144192948,1.384550816,1,0.562075792,-1.047029359,1.209663073,1,1,0.613341586,1
0.613341586,-0.054070652,1.029249071,1,-2.580485738,-2.649216876,0.254295782,-1,-1,1.160508802,1
1.160508802,-0.225885991,1.441128129,1,-0.511838568,-1.816992514,0.263480165,-1,-1,0.870959724,1
0.870959724,-0.038426029,1.348475487,1,-1.329001772,-2.159748151,0.303974181,-1,-1,0.229296104,0
0.229296104,-0.132769143,0.837001004,1,-1.991354786,-2.211736951,0.993642213,-1,-1,1.308182755,1
1.308182755,-0.127579511,1.534269297,1,-1.411791713,-2.901499736,0.432630471,-1,-1,-0.201896836,0
-0.201896836,-1.610981212,0.282194828,-1,7.285611912,-0.663521085,7.675710233,1,-1,0.642932602,1
0.642932602,-0.331333872,0.921028545,1,-1.506547688,-2.002459835,0.750780416,-1,-1,-0.078586728,0
-0.078586728,-0.385584469,0.401226859,1,-0.705158174,-1.358464277,2.369763425,1,1,-0.173855363,0
-0.173855363,-0.409172818,0.701737905,1,-1.01179126,-1.893705646,0.513691864,-1,-1,-0.26674306,0
-0.26674306,-0.533771989,0.1386417,-1,-1.210390864,-2.076690051,0.614326084,-1,1,-0.18039925,0
-0.18039925,-0.672349785,0.427555883,-1,-0.164291288,-2.487262807,0.871477777,-1,1,-0.368705803,0
-0.368705803,-0.803962864,0.177351206,-1,2.564421245,-0.68597561,3.38246962,1,-1,0.193195948,0
0.193195948,-0.165866968,1.014066102,1,-4.747647562,-5.116585328,0.409886461,-1,-1,0.576106185,1
0.576106185,-0.164549388,1.4081519,1,-1.320383674,-1.758031005,0.453486947,-1,-1,1.145869945,1
1.145869945,-0.104173104,1.281777712,1,2.470012956,-1.049317943,2.684591867,1,1,-0.146455076,0
-0.146455076,-1.016498249,0.528624199,-1,-1.060199854,-3.791918474,0.536591406,-1,1,0.401737807,0
0.401737807,-0.0230215,0.756644982,1,3.016902922,-0.558503211,5.457545374,1,1,0.516619763,1
0.516619763,-0.441782551,0.990931282,1,4.217869165,-7.157309054,5.199164859,-1,-1,0.349260842,0
0.349260842,-0.384472807,0.570405814,1,-1.69628433,-5.686766551,1.590014708,-1,-1,-0.84187679,-1
-0.84187679,-1.266210775,0.30334437,-1,2.212304993,-1.070624285,4.361880282,1,-1,0.867812694,1
0.867812694,-0.057562972,1.290503017,1,1.605991728,-0.655785485,2.368885385,1,1,1.589736448,1
1.589736448,-0.204002774,1.632267548,1,2.646280506,-0.989116177,2.948982601,1,1,-2.494768966,-1
-2.494768966,-2.878994941,1.020834224,-1,11.87782805,-3.356032614,15.93948053,1,-1,-0.829718661,-1
-0.829718661,-1.794398312,1.583505826,-1,-6.048256679,-14.73523541,1.755000525,-1,1,-2.70338055,-1
-2.70338055,-3.085097025,0.287568925,-1,-9.530510426,-10.13120691,0.465248428,-1,1,2.309990953,1
2.309990953,-0.775666478,2.909983363,1,-2.537481395,-3.556289963,1.901544768,-1,-1,-1.471158261,-1
-1.471158261,-2.193644111,0.410251252,-1,1.95650538,-2.412849323,2.807496775,1,-1,0.116181153,0
0.116181153,-0.765361577,0.632435176,-1,-3.227396845,-6.077002356,0.117707066,-1,1,0.843142129,1
0.843142129,-0.329460898,1.013865997,1,-0.520088931,-1.497759258,1.416602582,-1,-1,0.193183342,0
0.193183342,-0.779887361,0.34757112,-1,0.765265023,-1.801624995,1.340786649,-1,1,0.046333699,0
0.046333699,-1.118451667,0.318386593,-1,0.317805133,-0.204097967,2.760951086,1,-1,-0.475688102,0
-0.475688102,-0.621179886,1.432529495,1,-5.214246831,-5.471537149,0.41191251,-1,-1,-0.598521603,-1
-0.598521603,-0.945715664,0.880744239,-1,0.665096873,-2.403075937,2.957579855,1,-1,-1.797713997,-1
-1.797713997,-2.149641054,1.761515637,-1,-0.823905074,-5.555972671,0.483284739,-1,1,0.386589067,0
0.386589067,-0.241638061,1.041308472,1,0.991715788,-2.574249817,0.99573824,-1,-1,-2.009593258,-1
-2.009593258,-2.538684052,0.392936501,-1,5.78911915,-0.071115769,6.167733726,1,-1,0.164046623,0
0.164046623,-0.952349323,1.143502692,1,-1.762477969,-2.930932266,1.787310098,-1,-1,1.085095082,1
1.085095082,-0.244909466,2.349989812,1,-2.443960744,-3.260375644,0.669897939,-1,-1,1.384417009,1
1.384417009,-0.428321521,1.464645834,1,0.470207049,-0.861665627,0.67308073,-1,-1,-0.324231137,0
-0.324231137,-0.741105793,0.722437675,-1,-2.241149227,-2.241149227,1.466574327,-1,1,0.782609328,1
0.782609328,-1.163996432,1.983011907,1,1.216040345,-1.073259928,2.470457446,1,1,0.246875221,0
0.246875221,-0.95743961,0.531444396,-1,1.507088597,-1.57167054,1.548339903,-1,1,-0.458489663,0
-0.458489663,-0.627330642,1.62951016,1,-1.984157209,-2.352316273,1.77957053,-1,-1,1.016605478,1
1.016605478,-0.151028274,1.271468777,1,-2.1609538,-3.257455307,0.726773529,-1,-1,-1.10571313,-1
-1.10571313,-1.900118151,0.317491575,-1,2.228333401,-0.979316829,4.080372216,1,-1,2.297471191,1
2.297471191,-0.241352703,2.321289892,1,-1.209823769,-1.689541697,0.740222889,-1,-1,0.461006232,0
0.461006232,-0.498510316,0.564377817,1,-2.814282172,-3.373325664,0.251513343,-1,-1,0.409912232,0
0.409912232,-0.137055572,0.703176515,1,-2.107296514,-2.231770948,0.09426763,-1,-1,1.173661291,1
1.173661291,-0.125148925,1.322637231,1,-0.141694853,-1.930241954,0.321440051,-1,-1,-0.733140112,-1
-0.733140112,-0.783063026,0.372365833,-1,0.049757995,-2.080750841,0.733251355,-1,1,-0.547111529,-1
-0.547111529,-1.089915421,0.24105396,-1,-0.045603794,-1.483279396,1.580386523,1,-1,-0.109350904,0
-0.109350904,-0.218777319,1.260210118,1,-3.367297853,-4.292273042,0.267719394,-1,-1,0.008942593,0
0.008942593,-1.1285471,0.264568681,-1,0.85722061,0,2.300225422,1,-1,-1.299780396,-1
-1.299780396,-1.978036258,0.268372556,-1,4.838053937,-0.684697022,5.027831832,1,-1,-0.081143885,0
-0.081143885,-1.019973237,0.189754598,-1,0.611527952,-0.684990153,1.447500765,1,-1,-0.146854556,0
-0.146854556,-0.812862844,0.210873182,-1,-1.815660614,-3.162663476,0.577059659,-1,1,0.478352309,0
0.478352309,-0.196965236,1.303703158,1,-2.126624812,-3.026984405,0.911701691,-1,-1,-0.493920108,0
-0.493920108,-0.705573501,0.506453165,-1,0.362204011,-2.123807842,0.681291729,-1,1,-1.900147674,-1
-1.900147674,-1.943589738,1.233222086,-1,6.300392122,-1.755028911,7.388614412,1,-1,-0.879257615,-1
-0.879257615,-1.34805953,0.111635241,-1,0.33101622,-1.742442661,2.105440458,1,-1,-2.789065143,-1
-2.789065143,-2.871763303,0.259375433,-1,6.137156438,-0.252179552,7.451102142,1,-1,-0.098736129,0
-0.098736129,-1.223630415,1.156144753,-1,-5.595023374,-7.371424444,2.847174881,-1,1,0.572918622,1
0.572918622,-0.311847052,1.845406499,1,1.334710112,-1.892031991,2.869011569,1,1,1.717502484,1
1.717502484,-0.533460526,2.357936154,1,2.491398742,-1.411290323,2.690387511,1,1,1.757342946,1
1.757342946,-0.815943313,1.823706581,1,-2.588675044,-3.20069546,1.32357199,-1,-1,1.233552022,1
1.233552022,-1.561770802,3.131245651,1,-4.764337719,-5.011041277,0.76583476,-1,-1,1.947076611,1
1.947076611,-0.117573608,2.553376204,1,1.333148814,-1.129714646,2.472360871,1,1,-0.279384358,0
-0.279384358,-0.75377107,0.980814827,1,-5.653093115,-5.912549271,0.102404057,-1,-1,2.498998252,1
2.498998252,-3.022089688,2.684597152,-1,5.021445758,0,10.21573256,1,-1,0.865045826,1
0.865045826,-0.146137157,1.969148164,1,-0.511587456,-4.192531284,0.154503785,-1,-1,-0.039295214,0
-0.039295214,-0.76227573,0.538041215,-1,-0.575073191,-1.908396947,2.099103452,1,-1,-0.974652745,-1
-0.974652745,-0.996578604,0.879130781,-1,5.444259913,-2.077308656,6.555829444,1,-1,1.232949849,1
1.232949849,-0.263865017,1.889033929,1,-3.003003003,-3.003003003,1.653597909,-1,-1,1.516745793,1
1.516745793,-0.338511889,1.533728146,1,0.10748643,-3.427001244,0.377216145,-1,-1,-0.489961352,0
-0.489961352,-0.562285199,0.945992901,1,-3.58517425,-4.19635373,0.164320535,-1,-1,-1.128391376,-1
-1.128391376,-1.744242813,0.052822594,-1,4.525361918,-0.373920371,5.581291511,1,-1,0.132750089,0
0.132750089,-0.219212621,0.773240508,1,-0.750878688,-2.20904607,1.685945002,-1,-1,-0.418158329,0
-0.418158329,-1.014231833,0.036668324,-1,-0.209598538,-0.583605504,1.809408926,1,-1,1.363092847,1
1.363092847,-0.230957477,1.48999166,1,-0.005450185,-1.976812523,1.606025364,-1,-1,1.524827082,1
1.524827082,-0.18113054,1.555764465,1,0.450575736,-1.62880645,0.674583264,-1,-1,-0.590941253,-1
-0.590941253,-1.045942044,0.301010401,-1,-3.982741454,-5.137173462,0.005761364,-1,1,0.293135467,0
0.293135467,-0.278239743,0.676225189,1,1.450368394,-0.794236115,2.281101948,1,1,-0.96273433,-1
-0.96273433,-1.066725993,0.736740662,-1,-2.274407233,-5.347505232,0,-1,1,0.331166961,0
0.331166961,-1.002310915,0.475947398,-1,1.821707704,-0.465303309,2.544830443,1,-1,0.428279205,0
0.428279205,-0.080075506,0.933722545,1,-0.742788046,-0.748502994,2.07852194,1,1,0.276151626,0
0.276151626,-0.388603631,0.74324295,1,1.98850305,-0.973915024,2.294522563,1,1,0.672419499,1
0.672419499,-0.188574945,0.719397825,1,-0.575681805,-0.639237564,0.891013159,1,1,-0.402701065,0
-0.402701065,-0.743303751,0.277078482,-1,-0.463579997,-1.150946654,0.350528714,-1,1,0.569104897,1
0.569104897,-0.236544514,1.03887853,1,-4.154388398,-4.320239949,0,-1,-1,-0.588905725,-1
-0.588905725,-0.871102812,0.313801536,-1,4.63471155,-1.095227116,5.412545309,1,-1,-0.320957362,0
-0.320957362,-0.597975018,0.334887089,-1,0,-0.750372322,2.666350655,1,-1,0.011647344,0
0.011647344,-0.114697732,1.121332097,1,1.231859602,-2.550357375,2.740195239,1,1,-0.845350583,-1
-0.845350583,-1.393142498,0.169406817,-1,5.457261029,-0.049000926,6.380019702,1,-1,0.895476537,1
0.895476537,-0.139227408,1.208216232,1,-2.390482544,-3.516869986,0.119746821,-1,-1,-0.207018931,0
-0.207018931,-0.504048901,0.284011008,-1,-2.968375385,-3.955249181,0.005883391,-1,1,0.382736728,0
0.382736728,-0.122759835,0.484570685,1,-1.704078035,-2.215467353,0.667990612,-1,-1,-0.152645307,0
-0.152645307,-0.322366067,0.737699238,1,1.534542007,-2.397767399,1.600758878,-1,-1,-0.688887859,-1
-0.688887859,-0.730535404,2.67253608,1,-1.709447225,-5.193137456,2.215207399,-1,-1,-0.609320393,-1
-0.609320393,-0.787710018,0.105090436,-1,-0.598342208,-1.949317739,0.560892986,-1,1,0.422977783,0
0.422977783,-0.50451523,0.993489049,1,-1.975392256,-2.190685364,1.823298353,-1,-1,0.043129393,0
0.043129393,-0.174654077,0.332378787,1,-1.291038673,-1.348668846,0.118504474,-1,-1,1.074260954,1
1.074260954,-0.297504965,1.173430564,1,0.90100913,-0.178274305,1.449450417,1,1,-0.184242945,0
-0.184242945,-0.771360132,0.318772362,-1,5.130371801,-1.859364435,5.193863993,1,-1,0.105336897,0
0.105336897,-0.359033203,0.318266277,-1,-3.05303861,-3.559536112,0.36446197,-1,1,0.568741118,1
0.568741118,-0.095354686,0.878523377,1,0,-1.758705593,1.829008932,1,1,-1.242282967,-1
-1.242282967,-1.897289634,1.131413972,-1,8.266476496,-3.033851395,8.324414318,1,-1,0.53570816,1
0.53570816,-0.376311316,1.012175658,1,-5.568346094,-5.623929795,0.915488928,-1,-1,1.549732731,1
1.549732731,-0.507658897,1.982507874,1,0.567400275,-2.446211152,6.165295257,1,1,0.457587784,0
0.457587784,-0.481768219,0.78222975,1,-1.662000357,-2.134218639,0.06667879,-1,-1,0.286027149,0
0.286027149,-0.39767984,1.093611317,1,-0.305119912,-3.485555621,0.677882541,-1,-1,-0.093262984,0
-0.093262984,-0.286823277,0.950407232,1,2.190470567,-0.454362455,3.721459819,1,1,0.153199605,0
0.153199605,-0.124810812,0.629902976,1,-1.186680836,-4.019956417,0.239563994,-1,-1,0.037061102,0
0.037061102,-0.295387997,0.315308025,1,-1.620038259,-2.314952217,0.734528983,-1,-1,-0.271774894,0
-0.271774894,-0.667746226,0.084024152,-1,2.08244013,-0.543024227,3.284377518,1,-1,-0.849973436,-1
-0.849973436,-0.952135654,0.501809884,-1,0.939272212,-2.293000915,2.458475745,1,-1,0.241801428,0
0.241801428,-0.542876961,0.246547948,-1,-0.245980322,-1.720061473,0.605070491,-1,1,0.789962205,1
0.789962205,-0.109544316,1.065675616,1,-0.554945725,-1.983530685,0.554973176,-1,-1,0.010587783,0
0.010587783,-0.373941709,0.165714811,-1,-0.791556728,-2.414292612,0.130055119,-1,1,-0.47485482,0
-0.47485482,-0.551597083,0.393056225,-1,-1.086497254,-1.685865131,1.173056739,-1,1,-0.151699875,0
-0.151699875,-0.439644519,1.356106286,1,3.148606998,-3.939666817,3.902112376,-1,-1,0.046850092,0
0.046850092,-0.488458305,0.646996647,1,0.125320761,-0.768866809,1.950537765,1,1,-2.488386448,-1
-2.488386448,-2.571792927,0.109180882,-1,14.55430966,-1.605214515,14.68420456,1,-1,1.134483915,1
1.134483915,-1.019755513,1.918747976,1,2.007431107,-2.47187685,5.048626242,1,1,-1.92530267,-1
-1.92530267,-2.159878569,0.328257044,-1,2.809542587,-4.087920173,8.760037543,1,-1,0.994403418,1
0.994403418,-0.545583452,1.740106606,1,-1.046494244,-6.678259235,1.326733684,-1,-1,1.530461327,1
1.530461327,-0.518671644,1.693899638,1,-3.702332469,-3.910702977,1.166861144,-1,-1,0.345148601,0
0.345148601,-0.004738609,0.959382661,1,-2.985158534,-4.435707166,0.232328513,-1,-1,0.957834776,1
0.957834776,-0.022674461,1.43231232,1,-2.08209752,-2.365883953,0.060617082,-1,-1,0.376834769,0
0.376834769,-0.214416838,0.507528991,1,0.24378352,-2.083581379,0.304915234,-1,-1,0.544497067,1
0.544497067,-0.022201165,0.75120975,1,-0.11615822,-1.684919966,0.067373063,-1,-1,0.025581192,0
0.025581192,-0.109789812,0.513897464,1,-0.901009857,-1.620842838,1.160493827,-1,-1,0.181588819,0
0.181588819,-0.234056995,0.818632804,1,2.39734448,-2.800793558,2.466629759,-1,-1,-0.001590341,0
-0.001590341,-0.312285703,0.627366728,1,-1.088344379,-4.463237021,0.06766316,-1,-1,0.250112102,0
0.250112102,-0.011845407,0.628857067,1,-4.144319844,-4.202704349,0.127323657,-1,-1,-0.362050313,0
-0.362050313,-0.619616207,0.273420636,-1,0.563006073,-1.125761911,1.988836851,1,-1,0.213986819,0
0.213986819,-0.09733806,0.85748728,1,-3.597968789,-5.177559847,0.257615766,-1,-1,-0.351306141,0
-0.351306141,-0.572951893,0.693583742,1,-2.247471594,-3.393385982,1.038910757,-1,-1,-0.055596516,0
-0.055596516,-0.521485826,0.371547248,-1,-2.772762445,-3.022896836,1.07252983,-1,1,-0.001458224,0
-0.001458224,-0.32552037,0.960710041,1,0.711675322,-0.12716175,3.703703704,1,1,-0.041185309,0
-0.041185309,-0.389829461,1.242309818,1,-4.678103437,-9.223535086,0.006641429,-1,-1,1.504473393,1
1.504473393,-0.020198445,2.031886503,1,-6.400724122,-7.364985923,0.270120515,-1,-1,-1.704151754,-1
-1.704151754,-1.998114848,0.47771323,-1,13.45685691,-2.385385152,15.3285675,1,-1,-1.411823384,-1
-1.411823384,-1.876833761,0.194719714,-1,-0.497574325,-7.408264845,2.243241516,-1,1,1.703616835,1
1.703616835,-0.374372768,1.894435066,1,-1.38805871,-1.460047783,1.372294668,-1,-1,-0.381710719,0
-0.381710719,-0.542275868,0.431905787,-1,0.666307713,-0.532021015,2.046803575,1,-1,-0.429759711,0
-0.429759711,-1.162319607,0.081637854,-1,5.118879235,-0.006406971,5.975419298,1,-1,-1.036020171,-1
-1.036020171,-1.620973875,1.351220435,-1,5.38366738,-4.192711405,7.753017642,1,-1,1.896500345,1
1.896500345,-0.194725538,2.755321042,1,-3.323320764,-9.619406106,0.458228184,-1,-1,0.742417453,1
0.742417453,-0.833731515,1.791655495,1,1.592125256,-0.838277018,3.779187475,1,1,-0.183335993,0
-0.183335993,-0.965053919,0.051849717,-1,-1.270308217,-1.736758052,1.233975458,-1,1,1.545368759,1
1.545368759,-0.092679267,1.934153666,1,1.461683024,-0.748961667,1.461683024,1,1,0.412501075,0
0.412501075,-0.468496453,0.728221397,1,-0.982715361,-1.120545657,0.63752922,-1,-1,0.926389798,1
0.926389798,-0.080637965,1.249471399,1,-3.667633651,-3.926431081,0,-1,-1,0.354111154,0
0.354111154,-0.06836456,0.980883769,1,-5.475608001,-6.2178755,0.221238938,-1,-1,-0.211665791,0
-0.211665791,-0.318735017,0.283101685,-1,0.083732968,-0.151883354,2.984256286,1,-1,0.524865711,1
0.524865711,-0.041025452,0.777993385,1,-5.414755208,-5.9171155,0.071610439,-1,-1,-0.275744992,0
-0.275744992,-0.940521802,0.245240087,-1,3.427592117,-0.903119869,5.398110661,1,-1,-0.911721668,-1
-0.911721668,-1.142216125,0.270567838,-1,-3.182300349,-5.683495719,0.637945971,-1,1,0.554026839,1
0.554026839,-0.142393445,1.033843081,1,-5.306575712,-5.829454918,0.768126952,-1,-1,-0.972040219,-1
-0.972040219,-1.071782772,0.305971192,-1,4.072285143,-1.737694606,4.341654838,1,-1,-0.038506919,0
-0.038506919,-1.025154597,0.302708373,-1,3.116054633,0,5.171838505,1,-1,0.600919746,1
0.600919746,-0.052712943,1.81182971,1,-3.628332545,-8.052378085,0.501768528,-1,-1,1.271508188,1
1.271508188,-0.040897981,1.474782389,1,-2.34205701,-6.098733771,1.034750366,-1,-1,0.373422358,0
0.373422358,-0.213733946,0.967560099,1,-0.083277815,-2.905235899,0.925302826,-1,-1,-0.387212423,0
-0.387212423,-0.551524661,0.248531721,-1,-4.422051965,-5.52354297,0,-1,1,-0.139347259,0
-0.139347259,-0.474961743,0.068591161,-1,0.351864884,-1.976284585,1.975507285,-1,1,0.428516698,0
0.428516698,-0.002983745,0.653727044,1,-1.689339379,-2.219667492,0.820643749,-1,-1,0.526214532,1
0.526214532,-0.232639774,0.810231964,1,0.466984216,-1.194084688,0.843723634,-1,-1,-0.311732292,0
-0.311732292,-0.418653261,0.134964293,-1,0.279121697,-0.553607677,1.890716582,1,-1,0.056968153,0
0.056968153,-0.173029483,0.347954969,1,-2.509993493,-2.871167917,0.479064865,-1,-1,0.301161113,0
0.301161113,-0.017912874,0.627065339,1,0.106516897,-0.853553275,1.075479077,1,1,0.564708507,1
0.564708507,-0.152455398,0.807143841,1,-0.95128279,-1.622447032,1.686889612,1,1,-0.073852652,0
-0.073852652,-0.157417412,0.236374181,1,-2.117828263,-3.875968992,0.108299695,-1,-1,-0.185048853,0
-0.185048853,-0.390292973,0.439730284,1,-0.983477577,-1.371473354,0.710213064,-1,-1,0.215931443,0
0.215931443,-0.425559536,0.399319542,-1,1.66864139,-0.300154919,2.590415463,1,-1,0.777271381,1
0.777271381,-0.129231127,0.793839363,1,-0.895700637,-1.376646529,0.514787524,-1,-1,0.365035551,0
0.365035551,-0.239371003,0.537076032,1,-1.606909712,-2.30355006,0.709292763,-1,-1,0.013101301,0
0.013101301,-0.093280417,0.451932176,1,2.844993419,-2.682506227,3.158322332,1,1,-0.859903549,-1
-0.859903549,-1.067333891,0.378703429,-1,0.874890639,-3.361892345,1.66552366,-1,1,0.848873163,1
0.848873163,-0.160966106,1.095645968,1,-5.853611803,-7.011733535,0.41896587,-1,-1,-0.791986234,-1
-0.791986234,-0.965593,0.307028597,-1,6.111846796,-1.976098617,6.665984026,1,-1,0.564851996,1
0.564851996,-0.427392727,0.884137605,1,-3.070896605,-3.562922511,2.059729613,-1,-1,-0.196887295,0
-0.196887295,-0.509594334,0.106109162,-1,0.254241555,-1.459781775,0.507242719,-1,1,-0.169027087,0
-0.169027087,-0.440026519,0.17146379,-1,-1.514921982,-3.059373214,0.437738181,-1,1,-0.303828089,0
-0.303828089,-0.443256527,0.045762124,-1,0.051510547,-1.37101074,0.93800343,-1,1,0.597276075,1
0.597276075,-0.165006533,0.864038404,1,1.259644151,-3.912144832,1.552795031,-1,-1,-0.339545662,0
-0.339545662,-0.383425143,0.386328734,1,1.804293762,-0.987239924,3.083485366,1,1,0,0
